text_name,text_key,html_name,model_path,<# Docuscope Excluded Tokens>,!NORULES,<# Docuscope Untagged Tokens>,AbstractConcepts,Acknowledge,Anger,Apology,Aside,Attack_Citation,Authoritative_Citation,Autobio,Biographical_Time,Cause,Citations,CommonAuthorities,CommunicatorRole,Comparison,Concessive,Confidence,ConfirmExperience,ConfirmedThght,Confront,Consequence,Contested_Citation,Contingency,Curiosity,Definition,DenyDisclaim,DialogCues,DirectAddress,DirectReasoning,Disclosure,Example,Exceptions,Fear,Feedback,FirstPer,FollowUp,Future_Question,Future_in_Past,Generalization,GenericEvents,Immediacy,Imperative,In_Media,Inclusive,Innovations,Insist,Intensity,LangRef,MatureProcess,Metadiscourse,Motions,MoveBody,Narrative_Verbs,NegFeedback,Neg_Citation,Negative_Attribution,Negative_Relation,Negativity,Neutral_Attribution,Numbers,OpenQuery,OralCues,PersonPronoun,PersonProperty,PosFeedback,Positive_Attribution,Positivity,Precedent_Defending,Precedent_Setting,PredictedFuture,PriorKnowledge,PrivateThinking,Procedures,ProjectAhead,ProjectBack,Promise,Question,ReasonBackward,ReasonForward,Reassure,ReceivedPOV,RecurringEvents,Reinforce,Repair_Citation,ReportingEvents,ReportingStates,Request,Resemblances,Resistance,Responsibility,Sad,SceneShift,SelfDisclosure,SelfReluctance,Self_Promise,SenseObject,SenseProperty,Sequence,SpaceRelation,Specifiers,StandardsNeg,StandardsPos,SubjectivePercept,SubjectiveTime,Substitution,Support,TimeDate,TimeDuration,TimeShift,Transformation,Uncertainty,Updates,<# Included Tokens (Incl. by Tokenizer)>,<# Excluded Tokens (Excl. by Tokenizer)>,<# Tokens>
.DS_Store,dsstore,.DS_Store_Docuscope.html,0,9,0.446428571429,211,0.0,0.0,0.0,0.0,0.0,0.0,0.0,0.0,0.0,0.0,0.0,0.0,0.0,0.0,0.0,0.0,0.0,0.0,0.0,0.0,0.0,0.0,0.0,0.0,0.0,0.0,0.0,0.0,0.0,0.0,0.0,0.0,0.0,0.0,0.0,0.0,0.0,0.0,0.0,0.0,0.0,0.0,0.0,0.0,0.0,0.0,0.446428571429,0.0,0.0,0.0,0.0,0.0,0.0,0.0,0.0,0.0,0.0,0.0,0.892857142857,0.0,0.0,0.0,0.0,0.0,0.0,0.0,0.0,0.0,0.0,0.0,0.0,0.0,0.0,0.0,0.0,0.0,0.0,0.0,0.0,0.0,0.0,0.0,0.0,0.0,0.0,0.0,0.0,0.0,0.0,0.0,0.0,0.0,0.0,0.0,0.0,0.0,0.0,0.0,0.0,0.0,0.0,0.0,0.0,0.0,0.0,0.0,0.0,0.0,0.0,0.0,0.0,224,0,224
1H4.txt,1h4,1H4_Docuscope.html,0,18694,13.5586412669,687,1.31780276949,0.0248642031979,0.12432101599,0.00382526203045,0.118583122944,0.0,0.0,0.286894652284,0.137709433096,0.0516410374111,0.271593604162,0.795654502333,0.00573789304567,0.407390406243,0.0363399892893,0.34427358274,0.00573789304567,0.0076505240609,0.00382526203045,0.0,0.00382526203045,0.770790299135,0.143447326142,0.0076505240609,0.927626042384,0.017213679137,2.85364547472,0.00382526203045,0.0535536684263,0.00191263101522,0.0688547165481,0.191263101522,0.0076505240609,1.36179328284,0.0,0.141534695127,0.0114757860913,0.221865197766,0.195088363553,0.426516716395,0.42460408538,0.0,0.535536684263,0.00573789304567,0.33662305868,0.910412363247,0.265855711116,0.0,0.330885165634,0.575701935583,0.0076505240609,0.191263101522,0.0,0.0,0.00573789304567,0.235253614873,1.29293856629,0.0650294545176,0.298370438375,0.0401652513197,0.529798791217,0.719149261724,1.47463851274,0.0,0.0076505240609,0.814780812486,0.0,0.0,0.30028306939,0.0,0.137709433096,0.0114757860913,0.68089664142,0.451380919593,0.0,1.53966796726,0.0191263101522,0.591002983704,0.0382526203045,0.0382526203045,0.112845229898,0.0,0.0153010481218,1.83612577462,1.1437533471,0.0229515721827,0.198913625583,0.996480758932,0.0497284063958,0.076505240609,0.258205187055,0.877897635988,0.00573789304567,0.00382526203045,2.30663300436,0.866421849897,0.388264096091,1.27572488715,0.872159742942,0.394001989136,1.18583122944,0.631168235024,0.147272588172,0.0133884171066,0.0114757860913,0.0612041924872,0.531711422232,0.197000994568,0.156835743248,0.223777828781,0.369137785938,52284,0,52284
1H6.txt,1h6,1H6_Docuscope.html,0,16667,13.8518352731,602,1.29364368845,0.0134288272158,0.196956132498,0.0,0.0895255147717,0.0,0.00447627573859,0.199194270367,0.192479856759,0.107430617726,0.154431512981,1.05640107431,0.0,0.37824529991,0.0425246195166,0.25290957923,0.0,0.0,0.0111906893465,0.0134288272158,0.0111906893465,0.718442256043,0.163384064458,0.0,0.819158460161,0.0111906893465,2.79543419875,0.0111906893465,0.076096687556,0.00895255147717,0.0962399283796,0.132050134288,0.0,1.34064458371,0.00671441360788,0.12757385855,0.0,0.179051029543,0.255147717099,0.427484333035,0.541629364369,0.00223813786929,0.496866606983,0.0111906893465,0.293196060877,0.781110116383,0.226051924799,0.00447627573859,0.212623097583,0.470008952551,0.0134288272158,0.161145926589,0.0,0.00223813786929,0.00223813786929,0.376007162041,1.48612354521,0.0962399283796,0.15666965085,0.00895255147717,0.257385854969,0.881826320501,1.55326768129,0.00671441360788,0.0179051029543,0.875111906893,0.00671441360788,0.0,0.423008057296,0.0134288272158,0.174574753805,0.00671441360788,0.63339301701,0.483437779767,0.0134288272158,1.11906893465,0.038048343778,0.769919427037,0.0358102059087,0.0201432408236,0.0828111011638,0.0,0.00895255147717,1.78379588183,1.2466427932,0.0358102059087,0.132050134288,1.11906893465,0.038048343778,0.12757385855,0.295434198747,0.709489704566,0.0,0.015666965085,2.0188003581,0.756490599821,0.487914055506,1.17054610564,0.828111011638,0.514771709937,1.61593554163,0.729632945389,0.161145926589,0.0335720680394,0.0134288272158,0.00447627573859,0.447627573859,0.138764547896,0.15890778872,0.176812891674,0.282005371531,44680,0,44680
2H4.txt,2h4,2H4_Docuscope.html,0,20276,13.6406346955,692,1.22506869958,0.0301391720592,0.0868717312295,0.00709156989629,0.132966935555,0.0,0.0,0.274798333481,0.138285612978,0.0886446237036,0.274798333481,0.891764914458,0.00531867742221,0.462724935733,0.049640989274,0.303164613066,0.0159560322666,0.00354578494814,0.00354578494814,0.0159560322666,0.00177289247407,0.599237656236,0.134739828029,0.00354578494814,0.870490204769,0.00709156989629,3.16638595869,0.0,0.049640989274,0.0212747096889,0.0195018172148,0.108146440918,0.0,1.38462902225,0.0,0.0975090860739,0.0,0.193245279674,0.193245279674,0.413083946459,0.542505097066,0.0124102473185,0.436131548622,0.0106373548444,0.503501462636,0.859852849925,0.267706763585,0.00177289247407,0.280117010903,0.556688236858,0.0106373548444,0.173743462459,0.00709156989629,0.0,0.00709156989629,0.184380817303,1.32789646308,0.0833259462814,0.198563957096,0.0195018172148,0.519457494903,0.804893183228,1.87749313004,0.00886446237036,0.00531867742221,0.941405903732,0.0,0.00531867742221,0.315574860385,0.0195018172148,0.210974204415,0.0106373548444,0.590373193866,0.478680967999,0.00177289247407,1.22152291464,0.024820494637,0.624058150873,0.049640989274,0.0141831397926,0.0957361935999,0.0,0.00886446237036,1.85799131283,1.25875365659,0.0762343763851,0.175516354933,0.836805247762,0.0425494193777,0.120556688237,0.278344118429,0.847442602606,0.0106373548444,0.00886446237036,2.28171261413,1.03714209733,0.375853204503,1.21975002216,0.733977484266,0.354578494814,1.40944951689,0.60101054871,0.138285612978,0.00709156989629,0.00354578494814,0.0106373548444,0.320893537807,0.161333215141,0.234021806577,0.219838666785,0.379398989451,56405,0,56405
2H6.txt,2h6,2H6_Docuscope.html,0,19623,13.9588785047,697,1.32336448598,0.0654205607477,0.171962616822,0.00373831775701,0.0579439252336,0.0,0.0,0.194392523364,0.21308411215,0.106542056075,0.192523364486,1.33271028037,0.0,0.379439252336,0.0747663551402,0.2,0.00373831775701,0.011214953271,0.0242990654206,0.0130841121495,0.014953271028,0.654205607477,0.119626168224,0.00373831775701,0.714018691589,0.00373831775701,2.7214953271,0.00934579439252,0.108411214953,0.00934579439252,0.0523364485981,0.170093457944,0.0,1.29158878505,0.00560747663551,0.106542056075,0.0,0.244859813084,0.185046728972,0.401869158879,0.519626168224,0.0,0.411214953271,0.0,0.317757009346,0.671028037383,0.246728971963,0.0,0.242990654206,0.603738317757,0.00373831775701,0.175700934579,0.0,0.00373831775701,0.0018691588785,0.241121495327,1.5214953271,0.0728971962617,0.181308411215,0.0224299065421,0.396261682243,0.884112149533,1.48785046729,0.0,0.0,0.824299065421,0.0,0.0,0.323364485981,0.0130841121495,0.151401869159,0.00560747663551,0.854205607477,0.459813084112,0.00934579439252,1.42056074766,0.0485981308411,0.657943925234,0.0205607476636,0.00747663551402,0.104672897196,0.0,0.00560747663551,1.97009345794,1.37196261682,0.0560747663551,0.14953271028,0.966355140187,0.0579439252336,0.21308411215,0.282242990654,0.891588785047,0.00560747663551,0.00747663551402,2.41869158879,0.65046728972,0.435514018692,1.16261682243,0.727102803738,0.540186915888,1.2523364486,0.568224299065,0.164485981308,0.0205607476636,0.014953271028,0.0168224299065,0.332710280374,0.151401869159,0.151401869159,0.134579439252,0.306542056075,53500,0,53500
3H6.txt,3h6,3H6_Docuscope.html,0,18860,13.6374337846,675,1.11830488523,0.0372768295076,0.160878948401,0.00784775358054,0.0765155974102,0.0,0.0,0.22169903865,0.162840886796,0.102020796547,0.186384147538,1.11045713165,0.00196193839513,0.441436138905,0.07259172062,0.166764763586,0.00784775358054,0.00980969197567,0.0274671375319,0.00392387679027,0.00784775358054,0.714145575829,0.166764763586,0.00392387679027,0.745536590151,0.00392387679027,2.6996272317,0.00980969197567,0.058858151854,0.0,0.0549342750638,0.14910731803,0.0,1.44006278203,0.0176574455562,0.103982734942,0.0,0.190308024328,0.154993133216,0.4433980773,0.374730233471,0.0,0.549342750638,0.0,0.386501863841,0.570924072984,0.243280360997,0.0,0.311948204826,0.563076319404,0.0215813223465,0.204041593094,0.0,0.0,0.0,0.266823621738,1.26937414165,0.0647439670394,0.164802825191,0.0372768295076,0.472827153227,0.937806552874,1.98744359427,0.0117716303708,0.0235432607416,0.973121443987,0.0,0.0,0.321757896802,0.00980969197567,0.154993133216,0.0156955071611,0.812242495586,0.4433980773,0.0058858151854,1.4125956445,0.0137335687659,0.822052187561,0.0274671375319,0.0,0.131449872474,0.0,0.00980969197567,1.77947812439,1.25760251128,0.0333529527173,0.154993133216,1.19678242103,0.0372768295076,0.347263095939,0.302138512851,0.786737296449,0.0,0.0156955071611,2.30527761428,0.73376495978,0.398273494212,1.19482048264,0.708259760644,0.388463802237,1.26937414165,0.531685305081,0.151069256425,0.00980969197567,0.0117716303708,0.0117716303708,0.476751030018,0.119678242103,0.15303119482,0.188346085933,0.321757896802,50970,0,50970
Ado.txt,ado,Ado_Docuscope.html,0,15920,12.4686634121,419,0.949993402824,0.0879623521133,0.079166116902,0.00439811760566,0.109952940142,0.00439811760566,0.0,0.316664467608,0.24849364472,0.0571755288736,0.29467387958,0.611338347187,0.00219905880283,0.433214584158,0.0681708228878,0.334256938031,0.0153934116198,0.026388705634,0.0219905880283,0.0351849408453,0.0,0.943396226415,0.138540704578,0.00439811760566,1.20068610635,0.00879623521133,3.33157408629,0.013194352817,0.10115670493,0.0175924704227,0.123147292959,0.0769670580991,0.0,1.55693363241,0.0065971764085,0.109952940142,0.0,0.219905880283,0.27928046796,0.323261644016,0.560759994722,0.0,0.213308703875,0.00439811760566,0.457404230989,1.05115010775,0.305669173594,0.0,0.296872938382,0.389233408101,0.0197915292255,0.13194352817,0.0,0.0,0.00439811760566,0.226503056692,1.18089457712,0.153934116198,0.211109645072,0.052777411268,0.642125170427,1.13251528346,1.84940845318,0.0065971764085,0.0109952940142,1.28864845846,0.0,0.0,0.503584465849,0.0153934116198,0.235299291903,0.0109952940142,0.589347759159,0.448607995778,0.00439811760566,1.38760610459,0.0241896468312,0.631129876413,0.0307868232397,0.0307868232397,0.079166116902,0.0,0.013194352817,1.82961692396,1.21607951797,0.0835642345076,0.140739763381,1.02476140212,0.0329858820425,0.195716233452,0.246294585917,1.09733034261,0.0285877644368,0.0109952940142,1.54593833839,0.578352465145,0.406825878524,0.963187755641,0.947794344021,0.382636231693,1.41839292783,0.857632933105,0.114351057747,0.0109952940142,0.00439811760566,0.0175924704227,0.343053173242,0.252891762326,0.204512468663,0.24849364472,0.431015525355,45474,0,45474
Ant.txt,ant,Ant_Docuscope.html,0,19005,14.0883767076,1013,1.32412424636,0.0553308402656,0.0934900404488,0.00763184003663,0.164084560788,0.0,0.0,0.18125620087,0.192703960925,0.11256964054,0.221323361062,0.684957643288,0.00953980004579,0.570480042738,0.0877661604213,0.274746241319,0.00572388002747,0.00381592001832,0.0114477600549,0.00381592001832,0.0,0.646798443105,0.125925360604,0.0,1.01312676486,0.0152636800733,2.69785545295,0.0114477600549,0.0305273601465,0.0,0.0324353201557,0.0858582004121,0.0,1.42906204686,0.00572388002747,0.131649240632,0.0,0.196519880943,0.207967640998,0.381592001832,0.881477524231,0.00190796000916,0.597191482867,0.00190796000916,0.526596962528,0.807067083874,0.364420361749,0.00763184003663,0.291917881401,0.631534763031,0.0286194001374,0.148820880714,0.0,0.0,0.0,0.148820880714,1.18293520568,0.162176600778,0.129741280623,0.0209875601007,0.396855681905,1.15049988552,1.32794016637,0.0,0.0171716400824,0.940624284515,0.0,0.0,0.303365641456,0.0190796000916,0.211783561017,0.0209875601007,0.686865603297,0.440738762116,0.00190796000916,1.30695260627,0.0152636800733,0.421659162024,0.0190796000916,0.0286194001374,0.0992139204762,0.0,0.0152636800733,2.0415172098,1.46912920705,0.0763184003663,0.15836068076,0.973059604671,0.0572388002747,0.146912920705,0.259482561246,0.850950164085,0.00763184003663,0.00381592001832,1.88124856903,0.627718843013,0.31672136152,1.11806456537,0.778447683737,0.244218881172,1.11615660536,0.763184003663,0.156452720751,0.0114477600549,0.00763184003663,0.00381592001832,0.276654201328,0.232771121117,0.238495001145,0.190796000916,0.40830344196,52412,0,52412
AWW.txt,aww,AWW_Docuscope.html,0,17554,12.9222150049,487,1.34581032803,0.0811951932446,0.0913445924001,0.00202987983111,0.184719064631,0.0,0.0,0.272003897369,0.209077622605,0.0568366352712,0.306511854498,0.826161091263,0.00202987983111,0.424244884703,0.0913445924001,0.375527768756,0.0142091588178,0.0,0.0202987983111,0.01826891848,0.0,0.901266645015,0.205017862943,0.0,1.00073075674,0.0142091588178,3.15443325755,0.0,0.052776875609,0.0121792789867,0.113673270542,0.0994641117246,0.0,1.55488795063,0.0,0.0994641117246,0.0,0.190808704125,0.217197141929,0.288242936018,0.45469308217,0.00405975966223,0.424244884703,0.0121792789867,0.52776875609,0.996670997077,0.278093536863,0.0101493991556,0.316661253654,0.359288730107,0.00811951932446,0.162390386489,0.0,0.00202987983111,0.00811951932446,0.140061708347,1.24228645664,0.16442026632,0.21922702176,0.0548067554401,0.345079571289,1.32145177006,1.52240987334,0.00811951932446,0.00811951932446,1.12455342644,0.0,0.0,0.330870412472,0.0162390386489,0.241555699903,0.00608963949334,0.659710945112,0.56430659305,0.00811951932446,1.24431633647,0.0162390386489,0.487171159467,0.0324780772978,0.0202987983111,0.174569665476,0.00405975966223,0.0121792789867,1.93041571939,1.37422864566,0.121792789867,0.123822669698,0.990581357584,0.0649561545956,0.150211107502,0.245615459565,1.23619681715,0.0202987983111,0.0223286781423,1.55488795063,0.531828515752,0.385677167912,0.960133160117,0.781503734979,0.34710945112,1.55082819097,0.767294576161,0.158330626827,0.0142091588178,0.0142091588178,0.0101493991556,0.235466060409,0.156300746996,0.150211107502,0.31057161416,0.369438129263,49264,0,49264
AYL.txt,ayl,AYL_Docuscope.html,0,16413,12.2396729776,438,1.14242685026,0.0839070567986,0.101118760757,0.0,0.144148020654,0.0,0.0,0.292598967298,0.172117039587,0.079604130809,0.264629948365,0.552925989673,0.00430292598967,0.608864027539,0.092512908778,0.225903614458,0.0344234079174,0.0107573149742,0.0,0.0172117039587,0.0,0.950946643718,0.238812392427,0.00430292598967,1.11876075731,0.00430292598967,3.44879518072,0.00430292598967,0.0344234079174,0.012908777969,0.13339070568,0.0451807228916,0.0,1.56196213425,0.012908777969,0.120481927711,0.0,0.228055077453,0.221600688468,0.348537005164,0.490533562823,0.00430292598967,0.230206540448,0.00215146299484,0.380808950086,0.907917383821,0.275387263339,0.00215146299484,0.305507745267,0.4582616179,0.0,0.189328743546,0.0,0.00430292598967,0.0,0.215146299484,1.13382099828,0.124784853701,0.154905335628,0.0387263339071,0.492685025818,1.01333907057,1.59423407917,0.00645438898451,0.00860585197935,1.48666092943,0.0,0.0,0.402323580034,0.0172117039587,0.232358003442,0.00645438898451,0.617469879518,0.548623063683,0.012908777969,1.38554216867,0.0408777969019,0.666953528399,0.0215146299484,0.025817555938,0.148450946644,0.0,0.0150602409639,1.73623063683,1.38984509466,0.139845094664,0.185025817556,1.0434595525,0.0516351118761,0.187177280551,0.197934595525,0.974612736661,0.00645438898451,0.012908777969,1.86962134251,0.780981067126,0.473321858864,1.14242685026,0.963855421687,0.342082616179,1.35327022375,0.690619621343,0.163511187608,0.0107573149742,0.00430292598967,0.0172117039587,0.352839931153,0.221600688468,0.161359724613,0.20008605852,0.357142857143,46480,0,46480
Cor.txt,cor,Cor_Docuscope.html,0,20900,13.595207531,883,1.26144629867,0.0513478818999,0.124946512623,0.0,0.16944801027,0.0,0.0,0.176294394523,0.1540436457,0.0633290543432,0.296106118956,0.900299529311,0.00513478818999,0.612751390672,0.11810012837,0.311510483526,0.0205391527599,0.0256739409499,0.0308087291399,0.00513478818999,0.00171159606333,0.744544287548,0.162601626016,0.0,0.996148908858,0.0136927685066,3.14933675653,0.0188275566966,0.0393667094566,0.00855798031665,0.0547710740265,0.10783055199,0.0,1.1433461703,0.0,0.0684638425332,0.0,0.18998716303,0.273855370133,0.296106118956,0.602481814292,0.00342319212666,0.758237056055,0.0136927685066,0.492939666239,0.838682071031,0.342319212666,0.00513478818999,0.232777064613,0.532306375695,0.0273855370133,0.198545143346,0.0,0.00171159606333,0.0,0.17971758665,1.11253744116,0.212237911853,0.215661103979,0.0445014976466,0.433033804022,1.1433461703,1.29910141207,0.00342319212666,0.0136927685066,0.787334189131,0.0,0.00513478818999,0.260162601626,0.0119811724433,0.160890029953,0.00513478818999,0.689773213522,0.607616602482,0.00342319212666,1.35729567822,0.00684638425332,0.417629439452,0.0222507488233,0.0393667094566,0.119811724433,0.0,0.0136927685066,1.95293110826,1.28027385537,0.1026957638,0.217372700043,1.07659392383,0.0684638425332,0.0753102267865,0.278990158323,0.712023962345,0.01540436457,0.0,1.94437312794,0.503209242619,0.409071459136,1.25973470261,0.794180573385,0.364569961489,1.43945228926,0.708600770218,0.135216089003,0.0188275566966,0.01540436457,0.0,0.299529311083,0.201968335473,0.155755241763,0.253316217373,0.395378690629,58425,0,58425
CurationOfFDTStrippedTexts.rtf,curationoffdtstrippedtexts,CurationOfFDTStrippedTexts_Docuscope.html,0,24,15.1898734177,33,0.0,0.0,0.0,0.0,0.0,0.0,0.0,0.0,0.0,0.0,0.0,0.0,0.0,0.0,0.0,0.0,0.0,0.0,0.0,0.0,0.0,0.0,0.0,0.0,0.0,0.0,0.0,0.0,0.0,0.0,0.0,0.0,0.0,0.0,0.0,0.0,0.0,0.0,1.26582278481,0.0,0.0,0.0,0.0,0.0,0.0,0.0,3.79746835443,0.0,0.0,0.0,0.0,0.0,0.0,0.0,0.0,0.0,0.0,0.0,0.0,0.0,0.0,0.0,0.0,0.0,0.0,0.0,0.0,0.0,0.0,0.0,0.0,0.0,0.0,0.0,0.0,0.0,0.0,0.0,0.0,0.0,0.0,0.0,0.0,3.79746835443,0.0,0.0,0.0,0.0,0.0,0.0,0.0,0.0,0.0,0.0,0.0,0.0,0.0,0.0,0.0,0.0,0.0,0.0,0.0,2.53164556962,0.0,0.0,0.0,0.0,0.0,0.0,0.0,79,0,79
Cym.txt,cym,Cym_Docuscope.html,0,21301,13.625146786,856,1.31043754999,0.0612672101295,0.141254956687,0.0,0.18209976344,0.0,0.00170186694804,0.279106179479,0.151466158376,0.100410149934,0.187205364285,0.631392637724,0.00340373389608,0.63479637162,0.112323218571,0.258683776102,0.00680746779217,0.00850933474021,0.0238261372726,0.0153168025324,0.0,0.769243860515,0.14806242448,0.00340373389608,1.03473510441,0.0,2.60896203135,0.0153168025324,0.0442485406491,0.00850933474021,0.0850933474021,0.131043754999,0.0,1.39893463129,0.0,0.115726952467,0.0,0.176994162596,0.262087509998,0.362497659933,0.519069419153,0.0,0.534386221685,0.00510560084413,0.449292874283,0.80838680032,0.379516329413,0.00340373389608,0.277404312531,0.496945148828,0.00680746779217,0.23485763883,0.0,0.0,0.00340373389608,0.216137102401,1.34447488895,0.132745621947,0.180397896492,0.0425466737011,0.296124848959,1.14195272214,1.44828877278,0.00850933474021,0.0153168025324,0.995592164605,0.0,0.0,0.229752037986,0.0119130686363,0.222944570194,0.0,0.599057165711,0.687554247009,0.0102112016883,1.2644871424,0.0272298711687,0.517367552205,0.0187205364285,0.0187205364285,0.125938154155,0.0,0.00680746779217,1.92821525213,1.52657465239,0.0833914804541,0.159975493116,1.01941830188,0.0629690770776,0.158273626168,0.255280042206,1.03473510441,0.0,0.0119130686363,1.866948042,0.590547830971,0.39993873279,1.05515750779,0.750523324087,0.384621930257,1.32405248558,0.753927057983,0.153168025324,0.0153168025324,0.00680746779217,0.0102112016883,0.328460320972,0.187205364285,0.163379227012,0.331864054868,0.333565921816,58759,0,58759
Err.txt,err,Err_Docuscope.html,0,11237,13.0305239469,265,1.08085834733,0.0443754160195,0.148974610923,0.0,0.0633934514565,0.00950901771847,0.00633934514565,0.282100858981,0.120447557767,0.12361723034,0.301118894418,0.529335319661,0.0,0.351833655583,0.0665631240293,0.278931186408,0.00633934514565,0.0221877080098,0.0,0.00633934514565,0.0,0.751212399759,0.171162318932,0.00316967257282,0.963580462138,0.0,3.15065453739,0.00633934514565,0.0602237788836,0.0443754160195,0.0570541063108,0.104599194903,0.0,2.19975276554,0.00950901771847,0.0760721417478,0.0,0.171162318932,0.110938540049,0.542014009953,0.649782877429,0.00950901771847,0.335985292719,0.00316967257282,0.234555770389,0.83045421408,0.221877080098,0.00633934514565,0.329645947574,0.532504992234,0.0285270531554,0.183841009224,0.0,0.0,0.00950901771847,0.199689372088,1.44854036578,0.136295920631,0.177501664078,0.0348663983011,0.408887761894,0.97625915243,1.9239912517,0.0,0.0190180354369,0.820945196361,0.0,0.0,0.307458239564,0.00316967257282,0.199689372088,0.00950901771847,0.513486956797,0.475450885923,0.00633934514565,1.73064122476,0.0475450885923,0.542014009953,0.00950901771847,0.0,0.110938540049,0.0,0.0570541063108,2.19341342039,1.0491616216,0.0855811594662,0.0824114868934,0.884338647818,0.0760721417478,0.148974610923,0.488129576215,1.04282227646,0.0253573805826,0.00950901771847,2.41846017306,0.665631240293,0.358173000729,1.51827316238,0.757551744905,0.434245142477,0.890677992963,0.586389425972,0.142635265777,0.0,0.00950901771847,0.0190180354369,0.412057434467,0.16799264636,0.196519699515,0.329645947574,0.297949221845,31549,0,31549
H5.txt,h5,H5_Docuscope.html,0,20522,14.6195262024,1054,1.67264895908,0.032304379038,0.111270638909,0.00358937544867,0.131012203877,0.0,0.00179468772434,0.0753768844221,0.177674084709,0.0735821966978,0.247666905958,1.02835606604,0.010768126346,0.375089734386,0.0825556353195,0.242282842785,0.00717875089734,0.00897343862168,0.010768126346,0.0143575017947,0.00538406317301,0.683776022972,0.10768126346,0.0,0.741206030151,0.0197415649677,2.3600143575,0.0197415649677,0.0664034458004,0.00179468772434,0.104091888011,0.105886575736,0.0,1.00143575018,0.00897343862168,0.134601579325,0.0,0.235104091888,0.229720028715,0.340990667624,0.475592246949,0.0,0.712491026561,0.00538406317301,0.421751615219,0.836324479541,0.247666905958,0.00179468772434,0.283560660445,0.561737257717,0.0125628140704,0.139985642498,0.0,0.00717875089734,0.0143575017947,0.181263460158,1.25807609476,0.0825556353195,0.227925340991,0.0125628140704,0.253050969131,0.935032304379,1.64572864322,0.00358937544867,0.0340990667624,0.893754486719,0.0,0.0,0.36432160804,0.0251256281407,0.218951902369,0.010768126346,0.550969131371,0.333811916726,0.0143575017947,0.857860732233,0.016152189519,0.692749461594,0.0305096913137,0.0448671931084,0.0987078248385,0.00358937544867,0.00897343862168,1.835965542,1.39626704953,0.0502512562814,0.183058147882,0.863244795406,0.0574300071788,0.0538406317301,0.260229720029,0.629935391242,0.0,0.0197415649677,2.39052404882,0.795046661881,0.358937544867,1.04989231874,0.942211055276,0.421751615219,1.32447954056,0.71608040201,0.0987078248385,0.00897343862168,0.00538406317301,0.0179468772434,0.278176597272,0.174084709261,0.208183776023,0.193826274228,0.346374730797,55720,0,55720
H8.txt,h8,H8_Docuscope.html,0,18236,13.7743907217,487,1.26165660998,0.107750176318,0.0685682940208,0.0156727529191,0.127341117467,0.00391818822976,0.0,0.190032129143,0.186113940914,0.0999137998589,0.221377634982,1.13431549252,0.00979547057441,0.505446281639,0.0568137293316,0.305618681921,0.0176318470339,0.0235091293786,0.0548546352167,0.0137136588042,0.00587728234464,0.766005798919,0.162604811535,0.00783637645953,0.848287751744,0.0,2.74664994906,0.00783637645953,0.0901183292845,0.0176318470339,0.048977352872,0.150850246846,0.0,1.39291591568,0.0,0.0803228587101,0.0,0.344800564219,0.239009482016,0.49760990518,0.429041611159,0.00391818822976,0.374186975942,0.00195909411488,0.456468928767,0.90706057519,0.270354987854,0.00391818822976,0.315414152496,0.440796175848,0.0117545646893,0.219418540867,0.0,0.00391818822976,0.0,0.162604811535,1.05399263381,0.154768435076,0.199827599718,0.0274273176083,0.348718752449,1.09709270433,1.7240028211,0.0,0.00391818822976,1.09121542199,0.0,0.0,0.24880495259,0.00391818822976,0.260559517279,0.0117545646893,0.671969281404,0.526996316903,0.00587728234464,1.07554266907,0.0137136588042,0.48977352872,0.0411409764125,0.0254682234935,0.152809340961,0.0,0.00391818822976,1.76122560928,1.3027975864,0.0901183292845,0.148891152731,0.852205939973,0.0979547057441,0.174359376224,0.305618681921,0.928610610454,0.0411409764125,0.0176318470339,1.61625264478,0.564219105086,0.438837081733,1.12647911606,0.959956116292,0.380064258287,1.88073035029,0.858083222318,0.203745787948,0.0,0.00587728234464,0.00783637645953,0.323250528955,0.188073035029,0.162604811535,0.25272314082,0.383982446517,51044,0,51044
Ham.txt,ham,Ham_Docuscope.html,0,23052,13.974260763,736,1.36356672284,0.0505592155661,0.104182626015,0.00306419488279,0.134824574843,0.0,0.0,0.261988662479,0.128696185077,0.0490271181247,0.246667688065,0.637352535621,0.0107246820898,0.516316837751,0.0750727746285,0.242071395741,0.00306419488279,0.00919258464838,0.0520913130075,0.0321740462693,0.00306419488279,0.773709207906,0.19764056994,0.00766048720699,1.00505592156,0.00612838976559,2.95848015934,0.0137888769726,0.124099892753,0.0137888769726,0.0658801899801,0.104182626015,0.0,1.10157806036,0.0122567795312,0.116439405546,0.00459629232419,0.174659108319,0.240539298299,0.392216944998,0.600582197028,0.0,0.487206986364,0.00459629232419,0.402941627087,0.98667075226,0.370767580818,0.0,0.327868852459,0.563811858434,0.0199172667382,0.137888769726,0.0,0.0,0.00612838976559,0.144017159491,1.37735559982,0.133292477402,0.165466523671,0.0428987283591,0.473418109392,0.951432511108,1.06787191665,0.0,0.00919258464838,0.923854757163,0.0,0.0,0.303355293397,0.0168530718554,0.321740462693,0.0122567795312,0.63582043818,0.461161329861,0.00459629232419,1.56273939023,0.0199172667382,0.523977324958,0.0199172667382,0.022981461621,0.15320974414,0.00306419488279,0.00919258464838,1.89980082733,1.41872223073,0.0551555078903,0.223686226444,1.03569787038,0.0873295541596,0.156273939023,0.320208365252,0.74613145396,0.015320974414,0.00766048720699,2.18630304887,0.796690669527,0.375363873142,1.09085337827,0.876359736479,0.370767580818,1.08012869619,0.830396813237,0.156273939023,0.00306419488279,0.00766048720699,0.00459629232419,0.379960165467,0.177723303202,0.180787498085,0.320208365252,0.294162708748,65270,0,65270
JC.txt,jc,JC_Docuscope.html,0,14781,13.6160076227,677,1.2863268223,0.0119104335398,0.126250595522,0.0,0.0929013816103,0.0,0.00238208670796,0.135778942354,0.159599809433,0.111958075274,0.257265364459,0.505002382087,0.00476417341591,0.424011434016,0.0357313006193,0.290614578371,0.0,0.00952834683182,0.00952834683182,0.0214387803716,0.00238208670796,0.726536445927,0.178656503097,0.00952834683182,1.05288232492,0.0262029537875,3.16102906146,0.0142925202477,0.0571700809909,0.00238208670796,0.0881372081944,0.223916150548,0.0,1.26965221534,0.0,0.121486422106,0.0,0.269175797999,0.235826584088,0.543115769414,0.621724630777,0.00238208670796,0.550262029538,0.00714626012387,0.412101000476,1.05288232492,0.264411624583,0.0,0.412101000476,0.595521676989,0.0262029537875,0.181038589805,0.00476417341591,0.0,0.00714626012387,0.192949023344,1.25059552168,0.121486422106,0.142925202477,0.0333492139114,0.395426393521,0.912339209147,0.883754168652,0.00714626012387,0.0142925202477,0.817055740829,0.0,0.00952834683182,0.4192472606,0.0428775607432,0.235826584088,0.0190566936636,0.719390185803,0.464506908051,0.00714626012387,1.60314435445,0.0142925202477,0.645545497856,0.0309671272034,0.0309671272034,0.107193901858,0.0,0.0119104335398,1.84373511196,1.40304907099,0.0952834683182,0.150071462601,0.96712720343,0.0690805145307,0.121486422106,0.33825631253,0.786088613626,0.00714626012387,0.0,1.89375893283,0.655073844688,0.385898046689,1.20295378752,0.774178180086,0.292996665079,1.16484040019,0.838494521201,0.140543115769,0.0,0.0142925202477,0.00952834683182,0.390662220105,0.278704144831,0.219151977132,0.271557884707,0.340638399238,41980,0,41980
Jn.txt,jn,Jn_Docuscope.html,0,16315,13.7354569073,438,1.38935953914,0.0180729696148,0.173952332543,0.0,0.0994013328815,0.0,0.0045182424037,0.277871907828,0.108437817689,0.0677736360556,0.289167513837,0.833615723484,0.00677736360556,0.413419179939,0.06099627245,0.212357392974,0.0,0.0135547272111,0.0248503332204,0.00903648480741,0.00225912120185,0.664181633345,0.162656726533,0.0,0.801988026658,0.0,2.65446741218,0.0271094544222,0.0835874844685,0.0112956060093,0.0790692420648,0.162656726533,0.0,1.16344741895,0.0,0.101660454083,0.0,0.176211453744,0.239466847396,0.449565119169,0.494747543206,0.00677736360556,0.54896645205,0.0045182424037,0.354682028691,1.02790014684,0.309499604654,0.0,0.264317180617,0.596407997289,0.0180729696148,0.1219925449,0.0,0.0,0.00225912120185,0.239466847396,1.42550547837,0.0338868180278,0.149101999322,0.0112956060093,0.291426635039,0.847170450695,1.5813848413,0.00903648480741,0.00903648480741,1.03241838925,0.0,0.0,0.332090816672,0.0045182424037,0.176211453744,0.0180729696148,0.711623178584,0.393087089122,0.0045182424037,1.16344741895,0.0112956060093,0.573816785271,0.0293685756241,0.0112956060093,0.153620241726,0.0,0.015813848413,1.98350841523,1.12052411612,0.0474415452389,0.151361120524,1.00079069242,0.0474415452389,0.164915847735,0.318536089461,0.76810120863,0.0,0.00903648480741,2.42855529199,0.878798147521,0.40212357393,1.28318084265,0.811024511465,0.483451937196,1.41420987236,0.754546481419,0.117474302496,0.00903648480741,0.0,0.00903648480741,0.381791483113,0.196543544561,0.187507059754,0.214616514176,0.307240483452,44265,0,44265
LLL.txt,lll,LLL_Docuscope.html,0,16457,14.1669929948,629,1.37928033764,0.0456859417831,0.0717921942305,0.00435104207458,0.0739677152678,0.0,0.0,0.197972414393,0.10442500979,0.102249488753,0.258887003437,0.676587042597,0.0174041682983,0.480790149241,0.0761432363051,0.293695340034,0.00870208414915,0.0108776051864,0.0326328155593,0.0108776051864,0.00217552103729,0.56998651177,0.193621372319,0.0,0.8984901884,0.0108776051864,2.54753513466,0.00435104207458,0.082669799417,0.00652656311187,0.097898446678,0.0609145890441,0.0,1.18348344428,0.00652656311187,0.139233346386,0.00652656311187,0.2567114824,0.187094809207,0.332854718705,0.415524518122,0.00435104207458,0.335030239742,0.00652656311187,0.319801592481,0.983335508854,0.461210459905,0.00217552103729,0.348083365966,0.511247443763,0.0130531262237,0.143584388461,0.0,0.0,0.0,0.147935430536,1.1900100074,0.10442500979,0.311099508332,0.0543880259322,0.43292868642,0.724448505417,1.58377931515,0.00435104207458,0.0130531262237,1.41843971631,0.0,0.00652656311187,0.411173476048,0.0217552103729,0.158813035722,0.0,0.533002654136,0.48949223339,0.00870208414915,1.44019492668,0.0261062524475,0.663533916373,0.0369838576339,0.0195796893356,0.0935474046034,0.0,0.0108776051864,1.78827829265,1.47935430536,0.100073967715,0.171866161946,0.894139146326,0.0391593786712,0.115302614976,0.228429708915,0.765783405126,0.0,0.00870208414915,2.48226950355,1.02467040856,0.398120349824,1.0094417613,0.959404777444,0.369838576339,1.49023191054,0.748379236827,0.119653657051,0.0239307314102,0.0,0.0,0.482965670278,0.204498977505,0.158813035722,0.213201061654,0.237131793064,45966,0,45966
Lr.txt,lr,Lr_Docuscope.html,0,20064,13.8408552773,665,1.34713352945,0.041257085456,0.166822128148,0.00358757264835,0.123771256368,0.0,0.0,0.281624452895,0.12018368372,0.0789265982636,0.209872999928,0.590155700653,0.0,0.57580541006,0.0896893162087,0.267274162302,0.0179378632417,0.00358757264835,0.0448446581043,0.0161440769176,0.0,0.744421324532,0.166822128148,0.00358757264835,1.06192150391,0.00358757264835,3.28442275956,0.00358757264835,0.0304943675109,0.00538135897252,0.0269067948626,0.12915261534,0.0,1.4619358542,0.0,0.105833393126,0.0,0.193728923011,0.173997273445,0.362344837483,0.848460931334,0.0,0.430508717802,0.00358757264835,0.417952213532,0.758771615125,0.312118820406,0.00179378632417,0.258305230681,0.514816675038,0.041257085456,0.218841931549,0.0,0.0,0.0,0.240367367439,1.79378632417,0.0771328119394,0.182966205066,0.0125565042692,0.353375905862,0.961469469757,1.64848963192,0.0,0.0125565042692,0.850254717658,0.0,0.0,0.278036880247,0.010762717945,0.20628542728,0.0322881538351,0.620650068164,0.401808136615,0.0,1.74176652077,0.0197316495659,0.383870273373,0.0179378632417,0.00717514529669,0.125565042692,0.0,0.010762717945,2.05209155485,1.16057975174,0.0789265982636,0.138121546961,0.783884623664,0.0878955298845,0.172203487121,0.231398435818,0.956088110784,0.00538135897252,0.0161440769176,2.05029776853,0.902274521059,0.324675324675,1.03501470905,0.719308315993,0.473559589582,1.21618712779,0.68343258951,0.12018368372,0.00896893162087,0.00717514529669,0.0,0.267274162302,0.123771256368,0.157853196527,0.247542512736,0.308531247758,55748,0,55748
Mac.txt,mac,Mac_Docuscope.html,0,13024,13.4360196138,507,1.45995512092,0.063717206416,0.144056292767,0.00554062664487,0.180070365958,0.0,0.0,0.130204726155,0.188381305926,0.0747984597058,0.193921932571,0.54575172452,0.00277031332244,0.426628251655,0.10250159293,0.243787572374,0.0,0.0138515666122,0.0249328199019,0.0221625065795,0.0,0.667645510707,0.182840679281,0.0,0.878189323212,0.00554062664487,2.37969914397,0.0221625065795,0.0664875197385,0.00831093996731,0.0858797129955,0.243787572374,0.0,1.13305814888,0.0,0.12466409951,0.00831093996731,0.246557885697,0.282571958889,0.410006371721,0.703659583899,0.00554062664487,0.673186137352,0.00277031332244,0.440479818267,0.800620550184,0.252098512342,0.0,0.257639138987,0.800620550184,0.0304734465468,0.193921932571,0.0,0.00277031332244,0.0,0.21608443915,1.4821176275,0.168989112669,0.155137546056,0.0249328199019,0.293653212178,0.916973709727,1.1358284622,0.00554062664487,0.00831093996731,0.856026816633,0.0,0.0,0.243787572374,0.00277031332244,0.263179765631,0.0110812532897,0.700889270577,0.540211097875,0.00554062664487,1.53752389395,0.00554062664487,0.418317311688,0.0138515666122,0.0277031332244,0.127434412832,0.0,0.0110812532897,1.91982713245,1.62340360695,0.0775687730282,0.21608443915,1.02778624262,0.0138515666122,0.144056292767,0.296423525501,0.806161176829,0.0,0.0,2.23841316453,0.839404936698,0.365681358562,1.29096600826,0.833864310053,0.42108762501,1.22447848852,0.781228356927,0.146826606089,0.0138515666122,0.0138515666122,0.00554062664487,0.346289165305,0.196692245893,0.182840679281,0.299193838823,0.407236058398,36097,0,36097
MM.txt,mm,MM_Docuscope.html,0,16510,12.859864295,546,1.37417324857,0.100601468353,0.0813373573921,0.00428091354695,0.089899184486,0.0,0.0,0.199062479933,0.186219739292,0.0813373573921,0.233309788309,0.854042252617,0.0,0.54795693401,0.0877587277125,0.372439478585,0.0085618270939,0.0171236541878,0.0171236541878,0.0192641109613,0.0,0.892570474539,0.199062479933,0.0,0.931098696462,0.0214045677348,3.48466362722,0.0,0.0963205548064,0.0171236541878,0.0834778141655,0.107022838674,0.0,1.20293670669,0.00642137032043,0.111303752221,0.0,0.158393801237,0.220467047668,0.393844046319,0.586485155932,0.0,0.348894454076,0.00642137032043,0.466619576618,0.988891029346,0.310366232154,0.00642137032043,0.395984503093,0.363877651491,0.0192641109613,0.115584665768,0.0,0.00214045677348,0.00214045677348,0.226888417988,1.25216721248,0.132708319955,0.201202936707,0.044949592243,0.402405873413,1.1301611764,1.57109527173,0.0,0.0128427406409,1.03812153514,0.0,0.0,0.288961664419,0.0235450245082,0.30822577538,0.0192641109613,0.689227081059,0.445215008883,0.0085618270939,1.58607846915,0.0492305057899,0.592906526253,0.0278259380552,0.0214045677348,0.149831974143,0.0,0.0149831974143,1.99704616965,1.44052740855,0.0813373573921,0.119865579315,1.11731843575,0.0620732464308,0.0770564438451,0.235450245082,0.90541321518,0.0128427406409,0.0107022838674,1.19651533637,0.481602774032,0.318928059248,1.07664975706,0.779126265545,0.588625612706,1.52400522271,0.832637684882,0.160534258011,0.0128427406409,0.0171236541878,0.0085618270939,0.410967700507,0.14769151737,0.171236541878,0.267557096684,0.398124959866,46719,0,46719
MND.txt,mnd,MND_Docuscope.html,0,12804,13.8451554653,569,1.0044579877,0.0225720896112,0.112860448056,0.0,0.12132498166,0.0,0.0028215112014,0.225720896112,0.18057671689,0.0395011568196,0.177755205688,0.375260989786,0.0084645336042,0.482478415439,0.0677162688336,0.237006940918,0.0169290672084,0.0112860448056,0.0197505784098,0.0056430224028,0.0,0.713842333954,0.138254048869,0.0056430224028,1.07781727893,0.0,2.86665538062,0.0056430224028,0.0479656904238,0.0084645336042,0.0761808024378,0.146718582473,0.0,1.42204164551,0.0,0.135432537667,0.0084645336042,0.270865075334,0.172112183285,0.389368545793,0.536087128266,0.0,0.352688900175,0.0084645336042,0.474013881835,0.840810338017,0.324473788161,0.0,0.293437164946,0.711020822753,0.014107556007,0.146718582473,0.0,0.0,0.0056430224028,0.234185429716,1.24146492862,0.0507872016252,0.231363918515,0.0169290672084,0.335759832967,0.809773714802,0.998814965295,0.0,0.0,1.44743524632,0.0,0.0,0.338581344168,0.0,0.270865075334,0.014107556007,0.567123751481,0.256757519327,0.0,1.24710795102,0.0479656904238,0.78720162519,0.0338581344168,0.0,0.098752892049,0.0,0.0056430224028,2.0060944642,1.08910332374,0.0677162688336,0.163647649681,0.784380113989,0.0395011568196,0.12132498166,0.251114496925,0.888776028441,0.0,0.0395011568196,2.96258676147,1.31200270865,0.459906325828,1.25557248462,0.688448733141,0.24264996332,1.05524518932,0.874668472434,0.12132498166,0.0056430224028,0.0,0.0,0.476835393037,0.158004627278,0.172112183285,0.296258676147,0.327295299362,35442,0,35442
MV.txt,mv,MV_Docuscope.html,0,16123,12.6994256541,516,1.18170015184,0.0814206808529,0.0968245934467,0.00440111788394,0.149638008054,0.0,0.0,0.303677133992,0.169443038532,0.0616156503752,0.288273221398,0.63596153423,0.0,0.574345883854,0.0726184450851,0.277270426688,0.00660167682591,0.0132033536518,0.0176044715358,0.0110027947099,0.0,0.834011839007,0.147437449112,0.00880223576789,1.04086437955,0.0176044715358,2.85632550668,0.00440111788394,0.0726184450851,0.00220055894197,0.0594150914332,0.0880223576789,0.0,1.76484827146,0.00660167682591,0.114429064983,0.0,0.187047510068,0.198050304777,0.391699491671,0.510529674537,0.00440111788394,0.239860924675,0.00880223576789,0.510529674537,0.959443698699,0.169443038532,0.00220055894197,0.316880487644,0.389498932729,0.00440111788394,0.132033536518,0.0,0.0,0.00880223576789,0.13423409546,1.08047444051,0.0968245934467,0.308078251876,0.0858217987369,0.429108993684,0.814206808529,1.54479237726,0.0,0.0132033536518,1.15529344453,0.0,0.0,0.369693902251,0.00440111788394,0.257465396211,0.0154039125938,0.723983891909,0.367493343309,0.00440111788394,1.2059063002,0.0198050304777,0.664568800475,0.0506128556653,0.0462117377814,0.125431859692,0.0,0.0220055894197,2.12573993794,1.32473648307,0.0726184450851,0.127632418634,0.900028607266,0.0528134146073,0.121030741808,0.314679928702,1.11348282464,0.00880223576789,0.0330083841296,2.10813546641,0.734986686618,0.411504522149,1.13548841406,1.01225711331,0.354289989657,1.3423409546,0.743788922386,0.136434654402,0.0396100609555,0.00660167682591,0.0220055894197,0.477521290408,0.246462601501,0.226657571023,0.217855335255,0.30147657505,45443,0,45443
Oth.txt,oth,Oth_Docuscope.html,0,20268,13.3419689119,759,1.41611819073,0.0455118330766,0.134785044111,0.0192550063016,0.0455118330766,0.0,0.0,0.25206553704,0.120781403165,0.0717686598516,0.264318722868,0.570648368576,0.0,0.418358773281,0.0945245763899,0.308080100826,0.0245063716566,0.0245063716566,0.0332586472483,0.0227559165383,0.00175045511833,0.822713905615,0.148788685058,0.00350091023666,1.08703262848,0.00700182047332,2.91975913738,0.01050273071,0.129533678756,0.00875227559165,0.0927741212715,0.117280492928,0.0,1.57891051673,0.00875227559165,0.108528217337,0.0,0.183797787425,0.24156280633,0.428861503991,0.549642907156,0.00525136535499,0.25206553704,0.00350091023666,0.460369696121,1.09928581431,0.348340568548,0.00175045511833,0.360593754376,0.481375157541,0.0245063716566,0.171544601596,0.0,0.00350091023666,0.00875227559165,0.173295056715,1.508892312,0.11553003781,0.127783223638,0.0350091023666,0.500630163843,1.16230219857,0.945245763899,0.00350091023666,0.00875227559165,1.1745553844,0.0,0.00525136535499,0.281823274051,0.00700182047332,0.287074639406,0.00875227559165,0.610908836297,0.421859683518,0.00350091023666,1.82047332306,0.0227559165383,0.462120151239,0.0175045511833,0.0192550063016,0.133034588993,0.0,0.0122531858283,1.85198151519,1.41261728049,0.110278672455,0.103276851982,1.04677216076,0.0805209354432,0.143537319703,0.287074639406,1.10103626943,0.0227559165383,0.00700182047332,1.62792326005,0.652919759137,0.306329645708,1.02576669934,0.79645707884,0.467371516594,1.40211454978,0.731690239462,0.138285954348,0.00525136535499,0.0122531858283,0.0122531858283,0.323834196891,0.15754096065,0.166293236241,0.369346029968,0.397353311861,57128,0,57128
Per.txt,per,Per_Docuscope.html,0,13975,13.2273769352,454,1.19007753535,0.0566703588264,0.103037016048,0.0,0.123644419258,0.0,0.0051518508024,0.345174003761,0.265320316324,0.10818886685,0.206074032096,0.839751680791,0.0025759254012,0.440483243605,0.0850055382396,0.226681435306,0.0051518508024,0.0103037016048,0.0077277762036,0.0077277762036,0.0,0.929909069833,0.195770330491,0.0,0.855207233199,0.0051518508024,3.03186419721,0.0077277762036,0.0437907318204,0.0,0.0669740604312,0.100461090647,0.0,1.23902011798,0.0,0.038638881018,0.0,0.19319440509,0.229257360707,0.337446227557,0.561551737462,0.0,0.569279513665,0.0025759254012,0.455938796012,0.83717575539,0.270472167126,0.0051518508024,0.34259807836,0.610494320084,0.0103037016048,0.221529584503,0.0,0.0,0.0,0.123644419258,1.09992014631,0.146827747868,0.131372195461,0.0747018366348,0.316838824348,1.0793127431,1.59964967415,0.0077277762036,0.0051518508024,1.14113495273,0.0,0.0,0.291079570336,0.0283351794132,0.285927719533,0.0231833286108,0.695499858324,0.574431364468,0.0103037016048,1.23386826717,0.0231833286108,0.577007289869,0.038638881018,0.0180314778084,0.123644419258,0.0,0.0051518508024,1.98346255892,1.33690528322,0.0721259112336,0.234409211509,0.976275727055,0.0721259112336,0.244712913114,0.267896241725,0.811416501378,0.012879627006,0.0051518508024,2.18696066562,0.801112799773,0.332294376755,1.33690528322,0.716107261534,0.314262898946,1.32144973082,0.72898688854,0.12879627006,0.0077277762036,0.0,0.0,0.376085108575,0.133948120862,0.206074032096,0.234409211509,0.332294376755,38821,0,38821
R2.txt,r2,R2_Docuscope.html,0,17651,13.6033295306,571,1.38167068069,0.0316896945113,0.101407022436,0.0,0.143659948451,0.0,0.0,0.253517556091,0.11197025394,0.069717327925,0.266193433895,1.00773228546,0.00211264630076,0.384501626738,0.078167913128,0.249292263489,0.0,0.00633793890227,0.00422529260151,0.0126758778045,0.00211264630076,0.599991549415,0.107744961339,0.00845058520303,0.874635568513,0.0,2.36193856425,0.0147885241053,0.0929564372333,0.0,0.0971817298348,0.135209363248,0.0,1.52110533654,0.0126758778045,0.122533485444,0.0,0.259855494993,0.213377276376,0.33591076182,0.542950099294,0.0,0.521823636287,0.00422529260151,0.376051041535,0.868297629611,0.30633371361,0.0,0.215489922677,0.523936282588,0.0126758778045,0.135209363248,0.0,0.00211264630076,0.00845058520303,0.226053154181,1.55702032366,0.0654920353234,0.19436345967,0.0338023408121,0.266193433895,0.859847044408,1.35843157139,0.00633793890227,0.0147885241053,0.984493176152,0.0,0.0,0.238729031985,0.00211264630076,0.200701398572,0.0,0.648582414332,0.36337516373,0.00422529260151,1.24434867115,0.0422529260151,0.561963916001,0.0169011704061,0.00633793890227,0.143659948451,0.0,0.0126758778045,2.00490133942,1.19998309883,0.0401402797144,0.141547302151,1.1175898931,0.0507035112182,0.36337516373,0.382388980437,0.790129716483,0.0190138167068,0.0126758778045,2.37672708835,1.04575991887,0.430979845354,1.29293953606,0.737313558964,0.488021295475,1.33941775468,0.604216842016,0.177462289264,0.00633793890227,0.00422529260151,0.00845058520303,0.414078674948,0.137322009549,0.181687581865,0.192250813369,0.236616385685,47334,0,47334
R3.txt,r3,R3_Docuscope.html,0,22550,13.5412790604,665,1.08556729385,0.0420637103428,0.203847211661,0.00161783501319,0.121337625989,0.0,0.0,0.255617932083,0.165019171345,0.0711847405802,0.263707107149,1.06129976865,0.0,0.36077720794,0.0404458753296,0.220025561793,0.00485350503956,0.00485350503956,0.043681545356,0.0161783501319,0.0113248450923,0.648751840287,0.1472229862,0.00808917506593,0.823478021711,0.00647134005274,3.18551714096,0.0113248450923,0.122955461002,0.00647134005274,0.0550063904483,0.207082881688,0.0,1.59680315801,0.0,0.100305770817,0.00485350503956,0.216789891767,0.186051026516,0.372102053033,0.640662665221,0.00485350503956,0.428726278494,0.00808917506593,0.368866383006,0.752293281131,0.271796282215,0.00161783501319,0.224879066833,0.423872773455,0.0194140201582,0.194140201582,0.0,0.0,0.0,0.273414117228,1.67284140363,0.0728025755933,0.119719790976,0.017796185145,0.386662568151,0.952904822766,1.6194528482,0.00970701007911,0.00970701007911,1.18910873469,0.00485350503956,0.0,0.344598857808,0.00647134005274,0.221643396806,0.0226496901846,0.637426995195,0.457847308731,0.00323567002637,1.40266295643,0.0485350503956,0.640662665221,0.0145605151187,0.017796185145,0.116484120949,0.0,0.0145605151187,1.71975861902,1.15836986944,0.0630955655142,0.0792739156461,0.973936677938,0.0630955655142,0.276649787255,0.275031952242,0.994968533109,0.0113248450923,0.0161783501319,1.84918542007,0.778178641342,0.415783598389,1.04188574849,0.710229570788,0.404458753296,1.50782223229,0.637426995195,0.156929996279,0.00970701007911,0.017796185145,0.0129426801055,0.407694423323,0.174726181424,0.168254841371,0.197375871609,0.334891847729,61811,0,61811
Rom.txt,rom,Rom_Docuscope.html,0,19055,13.7412541004,718,1.03339084928,0.0436109899695,0.0796374599443,0.00948064999336,0.138417489903,0.0,0.0,0.197197519862,0.138417489903,0.0587800299589,0.293900149794,0.464551849675,0.0,0.460759589677,0.0530916399628,0.174443959878,0.00948064999336,0.00758451999469,0.011376779992,0.011376779992,0.00379225999735,0.621930639565,0.140313619902,0.00948064999336,0.912038529362,0.00379225999735,2.63182843816,0.011376779992,0.0398187299721,0.00568838999602,0.0853258499403,0.123248449914,0.00758451999469,1.51500786894,0.0,0.108079409924,0.0,0.206678169855,0.132729099907,0.45696732968,0.680710669524,0.00379225999735,0.278731109805,0.011376779992,0.417148599708,0.775517169457,0.458863459679,0.00189612999867,0.244600769829,0.667437759533,0.0265458199814,0.102391019928,0.0,0.0,0.00758451999469,0.229431729839,1.64963309885,0.0682606799522,0.195301389863,0.00948064999336,0.464551849675,0.851362369404,1.39934393902,0.00568838999602,0.011376779992,1.38417489903,0.00568838999602,0.0,0.320445969776,0.00379225999735,0.187716869869,0.00568838999602,0.678814539525,0.419044729707,0.00379225999735,1.48087752896,0.0379225999735,0.650372589545,0.0322342099774,0.0284419499801,0.111871669922,0.0,0.011376779992,1.98714423861,1.35952520905,0.0720529399496,0.109975539923,0.923415309354,0.0530916399628,0.295796279793,0.312861449781,0.811543639432,0.0132729099907,0.0151690399894,2.39860444832,1.04097536927,0.386810519729,1.31970647908,0.872219799389,0.331822749768,0.984091469311,0.521435749635,0.199093649861,0.0208574299854,0.00948064999336,0.0322342099774,0.599177079581,0.204782039857,0.11376779992,0.252185289823,0.329926619769,52739,0,52739
Shr.txt,shr,Shr_Docuscope.html,0,16052,13.3480321905,761,0.930437658472,0.0727593429611,0.0705545143865,0.0,0.0705545143865,0.0,0.00220482857458,0.257964943226,0.134494543049,0.0970124572814,0.346158086209,0.504905743578,0.0,0.429941572043,0.0948076287069,0.275603571822,0.00440965714916,0.00440965714916,0.0308676000441,0.0198434571712,0.00220482857458,0.720978943887,0.198434571712,0.0,0.972329401389,0.00440965714916,3.40646014772,0.0,0.0330724286187,0.0132289714475,0.0683496858119,0.0639400286628,0.0,1.77929665968,0.0,0.114651085878,0.0,0.277808400397,0.202844228861,0.372616029104,0.571050600816,0.0,0.273398743248,0.00661448572373,0.412302943446,0.75625620108,0.286627714695,0.00661448572373,0.275603571822,0.526954029324,0.0198434571712,0.132289714475,0.0,0.0,0.00440965714916,0.1300848859,1.12005291589,0.0815786572594,0.21166354316,0.0220482857458,0.553411972219,0.998787344284,1.90056223129,0.0132289714475,0.0132289714475,1.40668063058,0.0,0.0,0.410098114872,0.0176386285966,0.167566971668,0.0176386285966,0.73200308676,0.350567743358,0.0110241428729,1.81898357403,0.0176386285966,0.789328629699,0.0330724286187,0.0198434571712,0.108036600154,0.0,0.00661448572373,1.8123690883,1.26336677323,0.134494543049,0.167566971668,0.824605886892,0.0749641715357,0.0749641715357,0.262374600375,0.972329401389,0.0132289714475,0.0286627714695,2.02182780289,0.806967258296,0.41891742917,1.12005291589,0.709954801014,0.23591665748,1.06052254437,0.657038915224,0.123470400176,0.0220482857458,0.015433800022,0.0286627714695,0.425531914894,0.18300077169,0.132289714475,0.218278028883,0.407893286297,45355,0,45355
TGV.txt,tgv,TGV_Docuscope.html,0,13047,11.8090114324,337,1.01143241426,0.0941492938803,0.104909213181,0.0107599193006,0.115669132482,0.0,0.0,0.279757901816,0.0941492938803,0.0672494956288,0.298587760592,0.505716207128,0.0,0.481506388702,0.0753194351042,0.268997982515,0.00806993947545,0.0215198386012,0.0161398789509,0.0242098184264,0.0,0.903833221251,0.188298587761,0.0,1.02219233356,0.0053799596503,3.41627437794,0.00806993947545,0.0753194351042,0.0107599193006,0.107599193006,0.131809011432,0.0134498991258,1.83456624075,0.00806993947545,0.156018829859,0.0,0.188298587761,0.225958305313,0.422326832549,0.486886348352,0.0134498991258,0.212508406187,0.00268997982515,0.406186953598,0.855413584398,0.285137861466,0.00268997982515,0.333557498319,0.387357094822,0.0053799596503,0.150638870208,0.0,0.0,0.0,0.188298587761,1.21856086079,0.185608607935,0.164088769334,0.034969737727,0.543375924681,1.24815063887,1.48486886348,0.00806993947545,0.0134498991258,1.75117686617,0.0,0.0,0.36045729657,0.0,0.277067921991,0.0,0.680564895763,0.446536650975,0.0107599193006,1.90450571621,0.053799596503,0.780094149294,0.0053799596503,0.0268997982515,0.158708809684,0.0,0.00268997982515,1.91257565568,1.44720914593,0.0780094149294,0.161398789509,1.10558170814,0.053799596503,0.239408204438,0.338937457969,1.16745124412,0.00806993947545,0.0107599193006,1.67585743107,0.683254875588,0.306657700067,1.03564223268,0.88231338265,0.416946872898,1.26698049765,0.602555480834,0.212508406187,0.0242098184264,0.0053799596503,0.0053799596503,0.293207800941,0.204438466711,0.17753866846,0.26630800269,0.427706792199,37175,0,37175
Tim.txt,tim,Tim_Docuscope.html,0,14347,13.4558842329,538,1.53913021246,0.0741441464475,0.15595837701,0.0102267788203,0.104824482908,0.00511338941017,0.0,0.117607956434,0.143174903485,0.0357937258712,0.171298545241,0.882059673254,0.0,0.559916140414,0.0690307570373,0.250556081098,0.00767008411526,0.00511338941017,0.0409071152814,0.0,0.00511338941017,0.731214685654,0.117607956434,0.00511338941017,1.06869838673,0.0153401682305,3.36461023189,0.00511338941017,0.0460205046915,0.0153401682305,0.058803978217,0.102267788203,0.00767008411526,1.36783166722,0.0,0.14061820878,0.00767008411526,0.268452944034,0.163628461125,0.449978268095,0.761895022115,0.00511338941017,0.46276174162,0.00511338941017,0.493442078081,0.843709252678,0.235215912868,0.00255669470509,0.278679722854,0.567586224529,0.0178968629356,0.153401682305,0.0,0.0,0.0,0.191752102881,1.67719172654,0.115051261729,0.219875744637,0.0102267788203,0.368164037532,1.09170863907,1.03546135556,0.00767008411526,0.0102267788203,1.08659524966,0.0,0.00767008411526,0.199422186997,0.0153401682305,0.232659218163,0.0127834735254,0.61360672922,0.44742157339,0.0127834735254,1.61838774832,0.0153401682305,0.478101909851,0.0153401682305,0.00511338941017,0.176411934651,0.0,0.0153401682305,2.02745890113,1.25278040549,0.0843709252678,0.130391429959,0.830925779153,0.0281236417559,0.130391429959,0.260782859919,0.787461969166,0.0,0.00767008411526,1.9609848388,0.669854012732,0.273566333444,0.958760514407,0.636616981566,0.424411321044,1.66696494772,0.723544601539,0.0971543987932,0.00767008411526,0.00511338941017,0.00255669470509,0.309360059315,0.16107176642,0.191752102881,0.258226165214,0.329813616956,39113,0,39113
Tit.txt,tit,Tit_Docuscope.html,0,16055,13.8906871359,698,0.957181170813,0.0462406362712,0.145658004254,0.0,0.0346804772034,0.0,0.0,0.205770831407,0.187274576898,0.0832331452881,0.17571441783,0.705169703135,0.00462406362712,0.353740867474,0.078609081661,0.249699435864,0.0,0.0161842226949,0.0254323499491,0.0231203181356,0.0,0.698233607694,0.131785813373,0.0,0.769906593915,0.00924812725423,3.06806621659,0.0138721908813,0.0716729862203,0.00693609544067,0.0277443817627,0.108665495237,0.0,1.40109127902,0.0,0.189586608712,0.0,0.221955054102,0.24045130861,0.471654489966,0.658929066864,0.00231203181356,0.499398871728,0.0,0.31212429483,0.742162212152,0.307500231203,0.00231203181356,0.235827244983,0.603440303339,0.0115601590678,0.184962545085,0.0,0.0,0.0,0.293628040322,1.51206880607,0.101729399797,0.143345972441,0.0578007953389,0.335244612966,1.00804587071,1.61379820586,0.0,0.00231203181356,1.0750947933,0.0,0.0,0.356052899288,0.00693609544067,0.173402386017,0.00693609544067,0.527143253491,0.390733376491,0.020808286322,1.29704984741,0.0369925090169,0.619624526033,0.0346804772034,0.0462406362712,0.120225654305,0.0,0.00462406362712,2.03921205956,1.19763247942,0.0855451771016,0.16877832239,0.797650975677,0.0300564135763,0.404605567373,0.252011467678,0.737538148525,0.0138721908813,0.0369925090169,2.34671229076,0.906316470915,0.295940072135,1.15370387497,0.776842689355,0.409229631,1.31785813373,0.635808748728,0.0809211134745,0.00693609544067,0.00693609544067,0.0,0.291316008508,0.161842226949,0.138721908813,0.191898640525,0.30518819939,43252,0,43252
Tmp.txt,tmp,Tmp_Docuscope.html,0,12938,14.0340475989,469,1.1857372745,0.0395245758166,0.0875187035939,0.0169391039214,0.191976511109,0.0,0.0,0.2371474549,0.138336015358,0.0677564156856,0.180683775162,0.60980774117,0.0,0.496880381694,0.0818723356201,0.214561983004,0.0112927359476,0.0169391039214,0.0112927359476,0.0084695519607,0.0,0.745320572542,0.220208350978,0.0028231839869,0.957059371559,0.0,2.7159029954,0.0,0.0310550238559,0.0,0.0931650715677,0.115750543463,0.0,1.79554501567,0.0,0.141159199345,0.0,0.220208350978,0.217385166991,0.530758589537,0.595691821236,0.0,0.369837102284,0.0084695519607,0.335958894441,0.979644843454,0.392422574179,0.0,0.231501086926,0.796137884306,0.0310550238559,0.169391039214,0.0,0.0028231839869,0.0,0.143982383332,1.39747607352,0.0479941277773,0.177860591175,0.0169391039214,0.293611134638,0.80178425228,1.19985319443,0.0,0.0028231839869,0.945766635612,0.0,0.0,0.273848846729,0.0084695519607,0.24561700686,0.0169391039214,0.654978684961,0.522289037577,0.0056463679738,1.31278055391,0.0,0.578752717315,0.0508173117642,0.0338782078428,0.197622879083,0.0,0.0028231839869,1.79272183168,1.35512831371,0.0479941277773,0.160921487253,0.76508286045,0.0423477598035,0.160921487253,0.203269247057,0.914711611756,0.0,0.0141159199345,2.42511504475,0.985291211428,0.406538494114,1.41159199345,0.714265548686,0.358544366336,1.12362722679,0.76508286045,0.132689647384,0.0225854718952,0.0028231839869,0.0169391039214,0.386776206205,0.189153327122,0.160921487253,0.262556110782,0.386776206205,35421,0,35421
TN.txt,tn,TN_Docuscope.html,0,15016,13.1294336551,473,1.18385858821,0.0348877776486,0.148854517967,0.00465170368648,0.0581462960809,0.0,0.0,0.23723688801,0.134899406908,0.0697755552971,0.265147110129,0.509361553669,0.00697755552971,0.483777183393,0.120944295848,0.286079776718,0.0348877776486,0.00697755552971,0.0232585184324,0.0209326665891,0.0,0.955925107571,0.139551110594,0.0,1.15594836609,0.0139551110594,3.43295732062,0.0116292592162,0.0837306663566,0.00465170368648,0.0930340737295,0.088382370043,0.0,1.8071868822,0.0139551110594,0.16513548087,0.0,0.16513548087,0.188393999302,0.327945109896,0.667519479009,0.00232585184324,0.141876962437,0.0,0.365158739388,0.895452959646,0.293057332248,0.0,0.334922665426,0.437260146529,0.0116292592162,0.120944295848,0.0,0.00232585184324,0.0,0.213978369578,1.38620769857,0.15118036981,0.213978369578,0.039539481335,0.430282590999,1.01174555181,1.80951273404,0.0,0.0441911850215,1.14199325503,0.0,0.0,0.40934992441,0.0255843702756,0.230259332481,0.0209326665891,0.576811257123,0.420979183626,0.0,1.68624258635,0.0325619258053,0.602395627399,0.0209326665891,0.0372136294918,0.1721130364,0.0,0.0139551110594,1.73973717874,1.21409466217,0.116292592162,0.179090591929,0.965228514944,0.0697755552971,0.097685777416,0.218630073264,1.15594836609,0.00697755552971,0.0139551110594,1.71415280847,0.716362367717,0.313989998837,0.965228514944,0.832654959879,0.365158739388,1.3396906617,0.734969182463,0.139551110594,0.00930340737295,0.0139551110594,0.00465170368648,0.351203628329,0.155832073497,0.186068147459,0.288405628561,0.444237702058,42995,0,42995
TNK.txt,tnk,TNK_Docuscope.html,0,18516,13.8001979775,742,1.22862522078,0.0659925079094,0.106752586324,0.0,0.116457366899,0.0,0.0,0.263970031638,0.174686050348,0.0621105956794,0.252324294948,0.613342132334,0.00582286834495,0.54540866831,0.0951068496341,0.265910987753,0.0232914733798,0.0310552978397,0.0291143417247,0.00194095611498,0.0,0.918072242387,0.176627006463,0.0,0.900603637352,0.00388191222996,2.45530948545,0.0,0.0815201568293,0.0135866928049,0.108693542439,0.110634498554,0.0,1.31402728984,0.0,0.137807884164,0.00582286834495,0.236796646028,0.234855689913,0.419246520836,0.508530502125,0.0,0.586168746725,0.0,0.555113448885,0.815201568293,0.304730110052,0.00388191222996,0.415364608606,0.648279342404,0.0155276489199,0.166922225888,0.0,0.0,0.00388191222996,0.178567962578,1.06752586324,0.164981269773,0.287261505017,0.0388191222996,0.372663574077,1.11410881,1.45571708624,0.00388191222996,0.00970478057491,1.21503852798,0.0,0.0,0.252324294948,0.0,0.188272743153,0.0155276489199,0.694862289164,0.427010345296,0.00582286834495,1.20145183517,0.0155276489199,0.394014091341,0.0291143417247,0.0504648589895,0.139748840279,0.0,0.00970478057491,1.69251373226,1.31790920207,0.0873430251742,0.151394576969,0.898662681237,0.0349372100697,0.207682304303,0.225150909338,0.949127540226,0.0116457366899,0.0,1.94871993944,0.861784515052,0.487179984861,1.24027095747,0.900603637352,0.295025329477,1.4770676035,0.822965392752,0.118398323014,0.0174686050348,0.0194095611498,0.0,0.397896003571,0.236796646028,0.153335533084,0.258147163293,0.329962539547,51521,0,51521
Tro.txt,tro,Tro_Docuscope.html,0,20345,14.1778851277,860,1.48296806735,0.0248641352609,0.133200724612,0.0,0.0728163961212,0.0,0.0,0.170496927503,0.0834724540902,0.0586083188293,0.301921642454,0.591411217277,0.00710403864597,0.522146840479,0.0568323091678,0.229105246333,0.0177600966149,0.0,0.0213121159379,0.00888004830746,0.0,0.690867758321,0.143856782581,0.0,1.01054949739,0.00355201932299,2.68177458885,0.0,0.0781444251057,0.0159840869534,0.0461762511988,0.126096685966,0.0,1.09402195148,0.00532802898448,0.175824956488,0.0,0.280609526516,0.275281497531,0.396050154513,0.54701097574,0.0,0.491954676233,0.00355201932299,0.406706212482,0.99989343942,0.300145632792,0.00177600966149,0.303697652115,0.60739530423,0.0301921642454,0.0816964444287,0.0,0.00177600966149,0.00532802898448,0.211345149718,1.50783220261,0.19003303378,0.150960821227,0.0497282705218,0.552339004724,1.08514190317,1.07626185486,0.00177600966149,0.00710403864597,0.996341420097,0.0,0.0,0.314353710084,0.00355201932299,0.19003303378,0.00355201932299,0.719283912904,0.342769864668,0.00710403864597,1.63392888857,0.0177600966149,0.397826164174,0.0159840869534,0.010656057969,0.0923525023976,0.0,0.00710403864597,1.80620182574,1.32490320747,0.0905764927361,0.241537313963,1.00344545874,0.0248641352609,0.0923525023976,0.234433275317,0.705075835613,0.0,0.0159840869534,2.22534010585,0.898660888715,0.312577700423,1.09046993216,0.895108869392,0.36941000959,1.49717614464,0.737044009519,0.117216637659,0.00888004830746,0.010656057969,0.00355201932299,0.252193371932,0.161616879196,0.122544666643,0.222001207687,0.504386743864,56306,0,56306
Wiv.txt,wiv,Wiv_Docuscope.html,0,16212,13.3330485304,749,1.14704374573,0.0982570061517,0.0897129186603,0.00427204374573,0.0619446343131,0.0,0.0,0.292634996582,0.0747607655502,0.0726247436774,0.29049897471,0.407980177717,0.0,0.307587149692,0.0726247436774,0.322539302802,0.0234962406015,0.0234962406015,0.0384483937116,0.0106801093643,0.0,0.815960355434,0.185833902939,0.00640806561859,0.80528024607,0.00427204374573,3.01606288448,0.00640806561859,0.0512645249487,0.00213602187286,0.032040328093,0.0897129186603,0.0,1.76862611073,0.0128161312372,0.138841421736,0.0,0.181561859193,0.224282296651,0.322539302802,0.818096377307,0.00213602187286,0.247778537252,0.0,0.474196855776,0.739063568011,0.213602187286,0.00213602187286,0.48487696514,0.459244702666,0.0213602187286,0.132433356118,0.0,0.00213602187286,0.0128161312372,0.173017771702,1.04024265208,0.138841421736,0.292634996582,0.0192241968558,0.717703349282,1.11927546138,2.45001708817,0.00640806561859,0.00427204374573,1.16626794258,0.0,0.0,0.536141490089,0.0234962406015,0.190105946685,0.01495215311,0.689935064935,0.360987696514,0.0128161312372,1.68745727956,0.0192241968558,0.328947368421,0.0170881749829,0.0213602187286,0.111073137389,0.00427204374573,0.0,1.80707450444,1.45463089542,0.0704887218045,0.160201640465,0.762559808612,0.0427204374573,0.0512645249487,0.232826384142,1.24957279563,0.0213602187286,0.0192241968558,2.40943267259,0.627990430622,0.249914559125,1.23889268626,0.813824333561,0.318267259057,0.903537252221,0.604494190021,0.140977443609,0.0106801093643,0.0,0.0170881749829,0.279818865345,0.151657552973,0.183697881066,0.198650034176,0.459244702666,46816,0,46816
WT.txt,wt,WT_Docuscope.html,0,19219,13.1411386883,678,1.37555922701,0.0185635523214,0.105812248232,0.0,0.180066457517,0.0,0.0,0.34713842841,0.187491878446,0.0482652360356,0.261746087731,0.551337503945,0.00185635523214,0.668287883569,0.135513931946,0.302585902838,0.0148508418571,0.00928177616069,0.00742542092855,0.00556906569641,0.0,0.872486959104,0.141082997642,0.0,1.17692921717,0.00371271046427,2.88477603074,0.00928177616069,0.094674116839,0.0185635523214,0.0853923406783,0.142939352875,0.0,1.43310623921,0.0111381313928,0.146652063339,0.0111381313928,0.181922812749,0.26917150866,0.443668900481,0.542055727784,0.00742542092855,0.352707494106,0.00371271046427,0.529061241159,0.848354341087,0.310011323767,0.0,0.285878705749,0.454807031874,0.0352707494106,0.115094024393,0.0,0.0,0.00371271046427,0.172641036589,1.1843546381,0.128088511017,0.24318253541,0.0111381313928,0.237613469714,1.04698435093,1.69113961648,0.00185635523214,0.0111381313928,0.885481445729,0.0,0.0,0.274740574356,0.0148508418571,0.293304126678,0.00928177616069,0.783381907962,0.549481148713,0.0,1.17136015148,0.0426961703392,0.633017134159,0.0315580389463,0.0445525255713,0.107668603464,0.0,0.00928177616069,1.92689673096,1.59275278917,0.111381313928,0.142939352875,0.952310234086,0.0426961703392,0.176353747053,0.285878705749,1.06740425848,0.0241326180178,0.00742542092855,1.80994635133,0.660862462641,0.391690953981,1.08782416603,0.770387421337,0.332287586553,1.20291819042,0.792663684123,0.094674116839,0.0111381313928,0.0148508418571,0.0185635523214,0.358276559802,0.126232155785,0.228331693553,0.319293099928,0.35642020457,53869,0,53869
